timestamp,project_name,run_id,experiment_id,duration,emissions,emissions_rate,cpu_power,gpu_power,ram_power,cpu_energy,gpu_energy,ram_energy,energy_consumed,country_name,country_iso_code,region,cloud_provider,cloud_region,os,python_version,codecarbon_version,cpu_count,cpu_model,gpu_count,gpu_model,longitude,latitude,ram_total_size,tracking_mode,on_cloud,pue
2025-06-22T12:35:21,C_avltree_llama-3.3-70b-versatile.log,a28f3f04-dfad-4ade-9499-a01f67eab985,5b0fa12a-3dd7-45bb-9766-cc326314d9f1,0.0101586529999622,3.786215315004463e-09,3.727084009089144e-07,15.452420477364427,0,2.86547327041626,3.3976138298641434e-08,0.0,4.5220041649009155e-09,3.849814246354235e-08,Brazil,BRA,pernambuco,,,Linux-6.8.0-52-generic-x86_64-with-glibc2.35,3.10.12,2.8.1,4,Intel(R) Core(TM) i5-7300HQ CPU @ 2.50GHz,0,,-36.4253,-8.2767,7.641262054443359,machine,N,1.0
2025-06-22T12:35:26,C_avltree_meta-llama-4-scout-17b-16e-instruc.log,be6c7602-d875-4f9c-8106-4b21d04e7660,5b0fa12a-3dd7-45bb-9766-cc326314d9f1,0.0291907659993739,1.90851219723074e-08,6.538068227711698e-07,26.116508166061323,0,2.86547327041626,1.7742569749512604e-07,0.0,1.6631344562743913e-08,1.9405704205787005e-07,Brazil,BRA,pernambuco,,,Linux-6.8.0-52-generic-x86_64-with-glibc2.35,3.10.12,2.8.1,4,Intel(R) Core(TM) i5-7300HQ CPU @ 2.50GHz,0,,-36.4253,-8.2767,7.641262054443359,machine,N,1.0
2025-06-22T12:35:31,C_avltree_llama-3.1-8b-instant.log,189e012c-3406-42a7-a66e-56ef1ecb9293,5b0fa12a-3dd7-45bb-9766-cc326314d9f1,0.0160217530010413,1.0617001608002045e-08,6.626616704995997e-07,27.061250612035185,0,2.86547327041626,1.0011424675382409e-07,0.0,7.839159599147444e-09,1.0795340635297152e-07,Brazil,BRA,pernambuco,,,Linux-6.8.0-52-generic-x86_64-with-glibc2.35,3.10.12,2.8.1,4,Intel(R) Core(TM) i5-7300HQ CPU @ 2.50GHz,0,,-36.4253,-8.2767,7.641262054443359,machine,N,1.0
2025-06-22T12:35:37,C_avltree_deepseek-r1-distill-llama-70b.log,e317e017-5093-4b36-93a7-487d8a8c5901,5b0fa12a-3dd7-45bb-9766-cc326314d9f1,0.2002804639996611,1.2384109187525586e-07,6.183383511407552e-07,19.867015686535307,0,2.86547327041626,1.101513103431151e-06,0.0,1.577000160553242e-07,1.2592131194864752e-06,Brazil,BRA,pernambuco,,,Linux-6.8.0-52-generic-x86_64-with-glibc2.35,3.10.12,2.8.1,4,Intel(R) Core(TM) i5-7300HQ CPU @ 2.50GHz,0,,-36.4253,-8.2767,7.641262054443359,machine,N,1.0
2025-06-22T12:35:42,C_avltree_mistral-saba-24b.log,c9a12880-fb83-4f9c-8cb3-9e05f0aa3170,5b0fa12a-3dd7-45bb-9766-cc326314d9f1,0.0083936529990751,3.1084083372056582e-09,3.703284300111243e-07,13.992323855306044,0,2.86547327041626,2.719446619975363e-08,0.0,4.411751895232108e-09,3.160621809498574e-08,Brazil,BRA,pernambuco,,,Linux-6.8.0-52-generic-x86_64-with-glibc2.35,3.10.12,2.8.1,4,Intel(R) Core(TM) i5-7300HQ CPU @ 2.50GHz,0,,-36.4253,-8.2767,7.641262054443359,machine,N,1.0
2025-06-22T12:35:46,C_avltree_meta-llama-llama-4-maverick-17b-128e-instruct.log,aa320dcc-2c0e-4842-9522-29ce3efe154b,5b0fa12a-3dd7-45bb-9766-cc326314d9f1,0.0080300879999413,3.2499374429758726e-09,4.047200283483348e-07,14.990683882153428,0,2.86547327041626,2.8906689798768883e-08,0.0,4.138592697833726e-09,3.30452824966026e-08,Brazil,BRA,pernambuco,,,Linux-6.8.0-52-generic-x86_64-with-glibc2.35,3.10.12,2.8.1,4,Intel(R) Core(TM) i5-7300HQ CPU @ 2.50GHz,0,,-36.4253,-8.2767,7.641262054443359,machine,N,1.0
2025-06-22T12:35:51,C_beadsort_llama-3.3-70b-versatile.log,3ff7999b-40d6-44c0-ad87-ddc92c318315,5b0fa12a-3dd7-45bb-9766-cc326314d9f1,0.008263204999821,3.0497610160334783e-09,3.690772546608166e-07,13.777710641853009,0,2.86547327041626,2.6702799138522693e-08,0.0,4.307094464127876e-09,3.1009893602650575e-08,Brazil,BRA,pernambuco,,,Linux-6.8.0-52-generic-x86_64-with-glibc2.35,3.10.12,2.8.1,4,Intel(R) Core(TM) i5-7300HQ CPU @ 2.50GHz,0,,-36.4253,-8.2767,7.641262054443359,machine,N,1.0
2025-06-22T12:35:56,C_beadsort_gemma2-9b-it.log,9cde019b-fa68-490b-a48d-c18be1327a0e,5b0fa12a-3dd7-45bb-9766-cc326314d9f1,0.0061302710000745,2.181408077639338e-09,3.558420300852609e-07,13.681419329549064,0,2.86547327041626,1.9225848718607e-08,0.0,2.954653962071185e-09,2.2180502680678183e-08,Brazil,BRA,pernambuco,,,Linux-6.8.0-52-generic-x86_64-with-glibc2.35,3.10.12,2.8.1,4,Intel(R) Core(TM) i5-7300HQ CPU @ 2.50GHz,0,,-36.4253,-8.2767,7.641262054443359,machine,N,1.0
2025-06-22T12:36:01,C_beadsort_llama-3.1-8b-instant.log,177f37bc-576d-4e2d-bee0-081a9d2c5b9b,5b0fa12a-3dd7-45bb-9766-cc326314d9f1,0.0117857719997118,5.312987409979717e-09,4.507967242289776e-07,15.447077478981813,0,2.86547327041626,4.6539203900353154e-08,0.0,7.483118973317041e-09,5.40223228736702e-08,Brazil,BRA,pernambuco,,,Linux-6.8.0-52-generic-x86_64-with-glibc2.35,3.10.12,2.8.1,4,Intel(R) Core(TM) i5-7300HQ CPU @ 2.50GHz,0,,-36.4253,-8.2767,7.641262054443359,machine,N,1.0
2025-06-22T12:36:05,C_beadsort_deepseek-r1-distill-llama-70b.log,4ca8bd98-3367-452d-a1ee-754179e73db3,5b0fa12a-3dd7-45bb-9766-cc326314d9f1,0.0341425389997311,1.6196732213363874e-08,4.743856985413825e-07,15.029327349786977,0,2.86547327041626,1.394142781982466e-07,0.0,2.527368915608571e-08,1.646879673543323e-07,Brazil,BRA,pernambuco,,,Linux-6.8.0-52-generic-x86_64-with-glibc2.35,3.10.12,2.8.1,4,Intel(R) Core(TM) i5-7300HQ CPU @ 2.50GHz,0,,-36.4253,-8.2767,7.641262054443359,machine,N,1.0
2025-06-22T12:36:10,C_beadsort_meta-llama-llama-4-maverick-17b-128e-instruct.log,695b52cb-f7f8-4aa8-893a-d80cac704b0d,5b0fa12a-3dd7-45bb-9766-cc326314d9f1,0.012088550000044,5.348515988902425e-09,4.424447918801622e-07,15.099731984528002,0,2.86547327041626,4.674253738928824e-08,0.0,7.641039184738933e-09,5.4383576574027184e-08,Brazil,BRA,pernambuco,,,Linux-6.8.0-52-generic-x86_64-with-glibc2.35,3.10.12,2.8.1,4,Intel(R) Core(TM) i5-7300HQ CPU @ 2.50GHz,0,,-36.4253,-8.2767,7.641262054443359,machine,N,1.0
2025-06-22T12:36:15,C_beadsort_meta-llama-4-scout-17b-16e-instruct.log,2b289189-4014-4982-bc58-93f36e55c258,5b0fa12a-3dd7-45bb-9766-cc326314d9f1,0.0064604309991409,2.163323769211001e-09,3.348574993678687e-07,12.952377444846883,0,2.86547327041626,1.897168184356035e-08,0.0,3.024940042100782e-09,2.1996621885661134e-08,Brazil,BRA,pernambuco,,,Linux-6.8.0-52-generic-x86_64-with-glibc2.35,3.10.12,2.8.1,4,Intel(R) Core(TM) i5-7300HQ CPU @ 2.50GHz,0,,-36.4253,-8.2767,7.641262054443359,machine,N,1.0
2025-06-22T12:36:20,C_bellman-ford_llama-3.3-70b-versatile.log,4004b44b-1c78-4c08-8ba3-f1d08f2daf4e,5b0fa12a-3dd7-45bb-9766-cc326314d9f1,0.0108458989998325,4.036236801769939e-09,3.721440520359121e-07,13.105583802092776,0,2.86547327041626,3.456947209740102e-08,0.0,6.470882579561787e-09,4.1040354676962816e-08,Brazil,BRA,pernambuco,,,Linux-6.8.0-52-generic-x86_64-with-glibc2.35,3.10.12,2.8.1,4,Intel(R) Core(TM) i5-7300HQ CPU @ 2.50GHz,0,,-36.4253,-8.2767,7.641262054443359,machine,N,1.0
2025-06-22T12:36:25,C_bellman-ford_llama-3.1-8b-instant.log,74b4dc91-fc2b-47f2-afbf-c9d535d93833,5b0fa12a-3dd7-45bb-9766-cc326314d9f1,0.0076094659998489,3.331209118199504e-09,4.377717330316803e-07,17.033834641920823,0,2.86547327041626,3.017835747964881e-08,0.0,3.693293374456042e-09,3.387165085410485e-08,Brazil,BRA,pernambuco,,,Linux-6.8.0-52-generic-x86_64-with-glibc2.35,3.10.12,2.8.1,4,Intel(R) Core(TM) i5-7300HQ CPU @ 2.50GHz,0,,-36.4253,-8.2767,7.641262054443359,machine,N,1.0
2025-06-22T12:36:30,C_bellman-ford_deepseek-r1-distill-llama-70b.log,30d43089-06f6-4a31-8684-c81fab802919,5b0fa12a-3dd7-45bb-9766-cc326314d9f1,0.079499367999233,4.905951426782927e-08,6.171057142026908e-07,19.894709219540594,0,2.86547327041626,4.368245161215367e-07,0.0,6.201139582206427e-08,4.98835911943601e-07,Brazil,BRA,pernambuco,,,Linux-6.8.0-52-generic-x86_64-with-glibc2.35,3.10.12,2.8.1,4,Intel(R) Core(TM) i5-7300HQ CPU @ 2.50GHz,0,,-36.4253,-8.2767,7.641262054443359,machine,N,1.0
2025-06-22T12:36:34,C_bellman-ford_meta-llama-llama-4-maverick-17b-128e-instruct.log,25adc6a3-9f9e-4a93-93f0-717a98b0c1de,5b0fa12a-3dd7-45bb-9766-cc326314d9f1,0.016713659000743,8.8614857739718e-09,5.301942425400585e-07,17.150327595802764,0,2.86547327041626,7.75822842843943e-08,0.0,1.2521081050658782e-08,9.010336533505306e-08,Brazil,BRA,pernambuco,,,Linux-6.8.0-52-generic-x86_64-with-glibc2.35,3.10.12,2.8.1,4,Intel(R) Core(TM) i5-7300HQ CPU @ 2.50GHz,0,,-36.4253,-8.2767,7.641262054443359,machine,N,1.0
2025-06-22T12:36:40,Java_avltree_gemma9bit.log,6d02e5a6-a063-4f15-9c9a-ee669730834c,5b0fa12a-3dd7-45bb-9766-cc326314d9f1,0.1081821190000482,6.777410662570195e-08,6.264815965166269e-07,20.200656358325865,0,2.86547327041626,6.039249275807679e-07,0.0,8.520049058433919e-08,6.89125418165107e-07,Brazil,BRA,pernambuco,,,Linux-6.8.0-52-generic-x86_64-with-glibc2.35,3.10.12,2.8.1,4,Intel(R) Core(TM) i5-7300HQ CPU @ 2.50GHz,0,,-36.4253,-8.2767,7.641262054443359,machine,N,1.0
2025-06-22T12:36:48,Java_avltree_mistral-saba-24b.log,386ab0dd-8e49-472f-86da-a9df2c761ba4,5b0fa12a-3dd7-45bb-9766-cc326314d9f1,0.0932814780007902,6.249768972449787e-08,6.699903460359881e-07,21.957163204692915,0,2.86547327041626,5.631671172040553e-07,0.0,7.230782610437851e-08,6.354749433084339e-07,Brazil,BRA,pernambuco,,,Linux-6.8.0-52-generic-x86_64-with-glibc2.35,3.10.12,2.8.1,4,Intel(R) Core(TM) i5-7300HQ CPU @ 2.50GHz,0,,-36.4253,-8.2767,7.641262054443359,machine,N,1.0
2025-06-22T12:36:55,Java_avltree_deepseek_r1_distill_llama_70b.log,71239366-b6e4-40a7-8a36-87c65c64f264,5b0fa12a-3dd7-45bb-9766-cc326314d9f1,0.1613762580000184,1.0648385018632521e-07,6.598483042425799e-07,21.42373873446009,0,2.86547327041626,9.560290981577846e-07,0.0,1.266960227020724e-07,1.082725120859857e-06,Brazil,BRA,pernambuco,,,Linux-6.8.0-52-generic-x86_64-with-glibc2.35,3.10.12,2.8.1,4,Intel(R) Core(TM) i5-7300HQ CPU @ 2.50GHz,0,,-36.4253,-8.2767,7.641262054443359,machine,N,1.0
2025-06-22T12:37:01,Java_avltree_llama-guard-3-8b.log,5a496493-8a11-49fb-89d5-a3aac3ce7aa1,5b0fa12a-3dd7-45bb-9766-cc326314d9f1,0.1149588499993115,7.324890590653588e-08,6.371750057257408e-07,20.54889183270733,0,2.86547327041626,6.540752454861631e-07,0.0,9.071779460144293e-08,7.447930400876061e-07,Brazil,BRA,pernambuco,,,Linux-6.8.0-52-generic-x86_64-with-glibc2.35,3.10.12,2.8.1,4,Intel(R) Core(TM) i5-7300HQ CPU @ 2.50GHz,0,,-36.4253,-8.2767,7.641262054443359,machine,N,1.0
2025-06-22T12:37:06,Java_beadsort_gemma29bit.log,05aa9d54-6aac-48c5-8bec-c6300deef39f,5b0fa12a-3dd7-45bb-9766-cc326314d9f1,0.0948907309993956,5.86235167755064e-08,6.17800244113198e-07,19.88932871376436,0,2.86547327041626,5.213920837854324e-07,0.0,7.469036604076025e-08,5.960824498261927e-07,Brazil,BRA,pernambuco,,,Linux-6.8.0-52-generic-x86_64-with-glibc2.35,3.10.12,2.8.1,4,Intel(R) Core(TM) i5-7300HQ CPU @ 2.50GHz,0,,-36.4253,-8.2767,7.641262054443359,machine,N,1.0
2025-06-22T12:37:12,Java_beadsort_QwenQwq32b.log,e6ed37ee-3549-4590-822e-6b88a01345e3,5b0fa12a-3dd7-45bb-9766-cc326314d9f1,0.1244765129995357,7.881477300795482e-08,6.331698334789372e-07,20.42055648609456,0,2.86547327041626,7.032255625871731e-07,0.0,9.816107474103721e-08,8.013866373282102e-07,Brazil,BRA,pernambuco,,,Linux-6.8.0-52-generic-x86_64-with-glibc2.35,3.10.12,2.8.1,4,Intel(R) Core(TM) i5-7300HQ CPU @ 2.50GHz,0,,-36.4253,-8.2767,7.641262054443359,machine,N,1.0
2025-06-22T12:37:17,Java_beadsort_llama318bInstant.log,68d597ee-70f3-4a52-b56d-967fa747ebdf,5b0fa12a-3dd7-45bb-9766-cc326314d9f1,0.1172904230006679,7.289415214301181e-08,6.214842634048365e-07,19.983652194695573,0,2.86547327041626,6.489721858446429e-07,0.0,9.221372686341224e-08,7.411859127080551e-07,Brazil,BRA,pernambuco,,,Linux-6.8.0-52-generic-x86_64-with-glibc2.35,3.10.12,2.8.1,4,Intel(R) Core(TM) i5-7300HQ CPU @ 2.50GHz,0,,-36.4253,-8.2767,7.641262054443359,machine,N,1.0
2025-06-22T12:37:23,Java_beadsort_MistralSaba24b.log,b3190b98-bded-402a-88b9-5e440cdc05ad,5b0fa12a-3dd7-45bb-9766-cc326314d9f1,0.1308735080001497,8.90036939497118e-08,6.800741823899911e-07,22.36654803073177,0,2.86547327041626,8.02966753483958e-07,0.0,1.0202057670792992e-07,9.04987330191888e-07,Brazil,BRA,pernambuco,,,Linux-6.8.0-52-generic-x86_64-with-glibc2.35,3.10.12,2.8.1,4,Intel(R) Core(TM) i5-7300HQ CPU @ 2.50GHz,0,,-36.4253,-8.2767,7.641262054443359,machine,N,1.0
2025-06-22T12:37:29,Java_beadsort_MetalLlamaLlama4Maverick17b128eInstruct.log,a706bc6c-34e2-459d-8e24-6820fe175ed2,5b0fa12a-3dd7-45bb-9766-cc326314d9f1,0.4015423700002429,2.567932471060212e-07,6.395171874536324e-07,20.5952704867784,0,2.86547327041626,2.292900445420576e-06,0.0,3.181668574836133e-07,2.611067302904189e-06,Brazil,BRA,pernambuco,,,Linux-6.8.0-52-generic-x86_64-with-glibc2.35,3.10.12,2.8.1,4,Intel(R) Core(TM) i5-7300HQ CPU @ 2.50GHz,0,,-36.4253,-8.2767,7.641262054443359,machine,N,1.0
2025-06-22T12:37:35,Java_beadsort_Llama3370bVersatile.log,445a493d-b7ab-4f3f-8db8-e950ad229c4f,5b0fa12a-3dd7-45bb-9766-cc326314d9f1,0.0760830199997144,5.2880976141853654e-08,6.950430745526676e-07,22.78944018367516,0,2.86547327041626,4.781078824789287e-07,0.0,5.958455805726557e-08,5.376924405361943e-07,Brazil,BRA,pernambuco,,,Linux-6.8.0-52-generic-x86_64-with-glibc2.35,3.10.12,2.8.1,4,Intel(R) Core(TM) i5-7300HQ CPU @ 2.50GHz,0,,-36.4253,-8.2767,7.641262054443359,machine,N,1.0
2025-06-22T12:37:40,Java_beadsort_deepseekr1distillllama70b.log,d48b97f2-7970-40f4-ac63-e5b5a88b0e32,5b0fa12a-3dd7-45bb-9766-cc326314d9f1,0.0962337359997036,6.087286136771523e-08,6.325521994480469e-07,20.50343902706613,0,2.86547327041626,5.440934908243489e-07,0.0,7.486023846059052e-08,6.189537292849394e-07,Brazil,BRA,pernambuco,,,Linux-6.8.0-52-generic-x86_64-with-glibc2.35,3.10.12,2.8.1,4,Intel(R) Core(TM) i5-7300HQ CPU @ 2.50GHz,0,,-36.4253,-8.2767,7.641262054443359,machine,N,1.0
2025-06-22T12:37:46,Java_beadsort_MetaLlama4Scout17b16eInstruct.log,4c068878-ebb2-4bd0-84f0-b7839617c662,5b0fa12a-3dd7-45bb-9766-cc326314d9f1,0.1030292870000266,6.44660418710659e-08,6.257059885413863e-07,20.134889902528908,0,2.86547327041626,5.742718483039977e-07,0.0,8.121725031586123e-08,6.554890986198589e-07,Brazil,BRA,pernambuco,,,Linux-6.8.0-52-generic-x86_64-with-glibc2.35,3.10.12,2.8.1,4,Intel(R) Core(TM) i5-7300HQ CPU @ 2.50GHz,0,,-36.4253,-8.2767,7.641262054443359,machine,N,1.0
2025-06-22T12:37:51,Java_beadsort_llama-guard-3-8b.log,3cbacba2-23c4-4cbe-bb52-e70647efd031,5b0fa12a-3dd7-45bb-9766-cc326314d9f1,0.1059906469999987,6.704819322118458e-08,6.325859414858122e-07,20.380321670272448,0,2.86547327041626,5.980927006987713e-07,0.0,8.365164815615786e-08,6.817443488549291e-07,Brazil,BRA,pernambuco,,,Linux-6.8.0-52-generic-x86_64-with-glibc2.35,3.10.12,2.8.1,4,Intel(R) Core(TM) i5-7300HQ CPU @ 2.50GHz,0,,-36.4253,-8.2767,7.641262054443359,machine,N,1.0
2025-06-22T12:37:57,Java_bellman-ford_llama3370bVersatile.log,74c8f00c-a503-4af0-879a-e15e43b053da,5b0fa12a-3dd7-45bb-9766-cc326314d9f1,0.112664094000138,7.021594471679249e-08,6.232326753251705e-07,20.063118243207484,0,2.86547327041626,6.251516112346089e-07,0.0,8.880235546316306e-08,7.13953966697772e-07,Brazil,BRA,pernambuco,,,Linux-6.8.0-52-generic-x86_64-with-glibc2.35,3.10.12,2.8.1,4,Intel(R) Core(TM) i5-7300HQ CPU @ 2.50GHz,0,,-36.4253,-8.2767,7.641262054443359,machine,N,1.0
2025-06-22T12:38:04,Java_bellman-ford_Gemma29bIt.log,52222588-d43f-4bf2-bee1-a2eccf9c053c,5b0fa12a-3dd7-45bb-9766-cc326314d9f1,0.1118279279999114,7.311492537104357e-08,6.538163290578132e-07,21.300364278910084,0,2.86547327041626,6.564827474131452e-07,0.0,8.69479819463087e-08,7.434307293594538e-07,Brazil,BRA,pernambuco,,,Linux-6.8.0-52-generic-x86_64-with-glibc2.35,3.10.12,2.8.1,4,Intel(R) Core(TM) i5-7300HQ CPU @ 2.50GHz,0,,-36.4253,-8.2767,7.641262054443359,machine,N,1.0
2025-06-22T12:38:37,Java_bellman-ford_DeepSeekR1DistillLlama.log,107c98c1-f272-455a-90ac-357c7099407f,5b0fa12a-3dd7-45bb-9766-cc326314d9f1,26.93498547899981,1.595403331030501e-05,5.923163880204714e-07,18.752279597239657,0,2.86547327041626,0.0001407918868,0.0,2.1428324188488577e-05,0.0001622202109885,Brazil,BRA,pernambuco,,,Linux-6.8.0-52-generic-x86_64-with-glibc2.35,3.10.12,2.8.1,4,Intel(R) Core(TM) i5-7300HQ CPU @ 2.50GHz,0,,-36.4253,-8.2767,7.641262054443359,machine,N,1.0
2025-06-22T12:38:43,Java_bellman-ford_llama318bInstant.log,8907b4ea-df01-45e3-b227-8db978f0ef0f,5b0fa12a-3dd7-45bb-9766-cc326314d9f1,0.1122734349992242,6.996277289162156e-08,6.231462758051802e-07,20.047570885716603,0,2.86547327041626,6.228118871395849e-07,0.0,8.856783478278835e-08,7.113797219223732e-07,Brazil,BRA,pernambuco,,,Linux-6.8.0-52-generic-x86_64-with-glibc2.35,3.10.12,2.8.1,4,Intel(R) Core(TM) i5-7300HQ CPU @ 2.50GHz,0,,-36.4253,-8.2767,7.641262054443359,machine,N,1.0
2025-06-22T12:38:49,Java_bellman-ford_MistralSaba24b.log,3084db25-2fe1-435b-8447-5647b79ff6cd,5b0fa12a-3dd7-45bb-9766-cc326314d9f1,0.1164231430011568,7.586983945532665e-08,6.516731768233807e-07,21.106438935605524,0,2.86547327041626,6.79726932670266e-07,0.0,9.171569407686276e-08,7.714426267471288e-07,Brazil,BRA,pernambuco,,,Linux-6.8.0-52-generic-x86_64-with-glibc2.35,3.10.12,2.8.1,4,Intel(R) Core(TM) i5-7300HQ CPU @ 2.50GHz,0,,-36.4253,-8.2767,7.641262054443359,machine,N,1.0
2025-06-22T12:38:54,Java_bellman-ford_qwen.log,4b9963c2-ee15-4c54-8d18-47f03041d7e2,5b0fa12a-3dd7-45bb-9766-cc326314d9f1,0.116897482999775,7.213588728666278e-08,6.170867450311275e-07,19.81889130837411,0,2.86547327041626,6.413257908413628e-07,0.0,9.215010380481981e-08,7.334758946461825e-07,Brazil,BRA,pernambuco,,,Linux-6.8.0-52-generic-x86_64-with-glibc2.35,3.10.12,2.8.1,4,Intel(R) Core(TM) i5-7300HQ CPU @ 2.50GHz,0,,-36.4253,-8.2767,7.641262054443359,machine,N,1.0
2025-06-22T12:39:00,Java_bellman-ford_llama-guard-3-8b.log,8fbb414b-b045-47cb-a272-f580561078b9,5b0fa12a-3dd7-45bb-9766-cc326314d9f1,0.1247693999994226,7.682322666357699e-08,6.157216966975275e-07,19.80744538013222,0,2.86547327041626,6.829313796766212e-07,0.0,9.820526431793869e-08,7.811366439945599e-07,Brazil,BRA,pernambuco,,,Linux-6.8.0-52-generic-x86_64-with-glibc2.35,3.10.12,2.8.1,4,Intel(R) Core(TM) i5-7300HQ CPU @ 2.50GHz,0,,-36.4253,-8.2767,7.641262054443359,machine,N,1.0
2025-06-22T12:39:04,Python_avltree_gemma2-9b-it.log,1c4410ac-2cbd-49c6-b123-dc5d28858f87,5b0fa12a-3dd7-45bb-9766-cc326314d9f1,0.0465194429998518,2.2646173552855005e-08,4.868109352239473e-07,15.621457511129009,0,2.86547327041626,1.9571904547044386e-07,0.0,3.454667984023868e-08,2.302657253106825e-07,Brazil,BRA,pernambuco,,,Linux-6.8.0-52-generic-x86_64-with-glibc2.35,3.10.12,2.8.1,4,Intel(R) Core(TM) i5-7300HQ CPU @ 2.50GHz,0,,-36.4253,-8.2767,7.641262054443359,machine,N,1.0
2025-06-22T12:39:09,Python_avltree_deepseek-r1-distill-llama-70b.log,69573289-57a3-4735-814c-3e273d4a07a8,5b0fa12a-3dd7-45bb-9766-cc326314d9f1,0.0796051079996686,4.9750648927935e-08,6.249680476300849e-07,20.13042457699222,0,2.86547327041626,4.432161879036612e-07,0.0,6.2647163948283e-08,5.058633518519441e-07,Brazil,BRA,pernambuco,,,Linux-6.8.0-52-generic-x86_64-with-glibc2.35,3.10.12,2.8.1,4,Intel(R) Core(TM) i5-7300HQ CPU @ 2.50GHz,0,,-36.4253,-8.2767,7.641262054443359,machine,N,1.0
2025-06-22T12:39:14,Python_avltree_qwen.log,1fa7c573-92f6-4c90-bec4-57dd72f89e88,5b0fa12a-3dd7-45bb-9766-cc326314d9f1,0.1946603519991185,1.275421192520053e-07,6.552033731685781e-07,21.18389457784035,0,2.86547327041626,1.1427286919704629e-06,0.0,1.541163811576667e-07,1.2968450731281291e-06,Brazil,BRA,pernambuco,,,Linux-6.8.0-52-generic-x86_64-with-glibc2.35,3.10.12,2.8.1,4,Intel(R) Core(TM) i5-7300HQ CPU @ 2.50GHz,0,,-36.4253,-8.2767,7.641262054443359,machine,N,1.0
2025-06-22T12:39:19,Python_avltree_llama3-3-70b.log,744c11f8-a702-4e4b-9871-7bb2e6a735a4,5b0fa12a-3dd7-45bb-9766-cc326314d9f1,0.0660768120014836,3.9461698008450096e-08,5.972094720242261e-07,19.20402104823011,0,2.86547327041626,3.501208356501695e-07,0.0,5.1124721030699376e-08,4.012455566808689e-07,Brazil,BRA,pernambuco,,,Linux-6.8.0-52-generic-x86_64-with-glibc2.35,3.10.12,2.8.1,4,Intel(R) Core(TM) i5-7300HQ CPU @ 2.50GHz,0,,-36.4253,-8.2767,7.641262054443359,machine,N,1.0
2025-06-22T12:39:23,Python_avltree_mistral-saba-24b.log,4d97beca-c9f6-49aa-84e1-aa3b6d02cc26,5b0fa12a-3dd7-45bb-9766-cc326314d9f1,0.0743279109992727,4.5827621392413967e-08,6.165600617090177e-07,20.0641878227152,0,2.86547327041626,4.093758830536754e-07,0.0,5.659822310419228e-08,4.659741061578676e-07,Brazil,BRA,pernambuco,,,Linux-6.8.0-52-generic-x86_64-with-glibc2.35,3.10.12,2.8.1,4,Intel(R) Core(TM) i5-7300HQ CPU @ 2.50GHz,0,,-36.4253,-8.2767,7.641262054443359,machine,N,1.0
2025-06-22T12:39:28,Python_avltree_llama-guard-3-8b.log,ec02a8bd-39bc-45fc-a58f-8c4a620b90eb,5b0fa12a-3dd7-45bb-9766-cc326314d9f1,0.0392995639995206,1.9597064061242812e-08,4.986585617459233e-07,15.751332830221482,0,2.86547327041626,1.6906707969721604e-07,0.0,3.019537669480836e-08,1.992624563920244e-07,Brazil,BRA,pernambuco,,,Linux-6.8.0-52-generic-x86_64-with-glibc2.35,3.10.12,2.8.1,4,Intel(R) Core(TM) i5-7300HQ CPU @ 2.50GHz,0,,-36.4253,-8.2767,7.641262054443359,machine,N,1.0
2025-06-22T12:39:33,Python_avltree_meta-llama-4-scout-17b-16e-instruc.log,cee7a3b8-00ab-42e6-9978-0e82ea9c0545,5b0fa12a-3dd7-45bb-9766-cc326314d9f1,0.1971609910015104,1.2422758661477328e-07,6.300819750587558e-07,20.24704902575376,0,2.86547327041626,1.1069383855505377e-06,0.0,1.5620460276415369e-07,1.2631429883146913e-06,Brazil,BRA,pernambuco,,,Linux-6.8.0-52-generic-x86_64-with-glibc2.35,3.10.12,2.8.1,4,Intel(R) Core(TM) i5-7300HQ CPU @ 2.50GHz,0,,-36.4253,-8.2767,7.641262054443359,machine,N,1.0
2025-06-22T12:39:37,Python_avltree_llama-3-1-8b-instant.log,af22151b-8ba8-4d8d-ab6c-f208ca729f5f,5b0fa12a-3dd7-45bb-9766-cc326314d9f1,0.0248006339988933,1.3653372978624912e-08,5.50525159124326e-07,17.701654763946838,0,2.86547327041626,1.198320403184017e-07,0.0,1.8995114058148053e-08,1.3882715437654972e-07,Brazil,BRA,pernambuco,,,Linux-6.8.0-52-generic-x86_64-with-glibc2.35,3.10.12,2.8.1,4,Intel(R) Core(TM) i5-7300HQ CPU @ 2.50GHz,0,,-36.4253,-8.2767,7.641262054443359,machine,N,1.0
2025-06-22T12:39:42,Python_avltree_meta-llama-llama-4-maverick-17b-128e-instruct.log,a266a1b6-1024-4b91-b565-c706b835d698,5b0fa12a-3dd7-45bb-9766-cc326314d9f1,0.1738673590007238,1.1476499339492246e-07,6.600721035536331e-07,21.35233135643243,0,2.86547327041626,1.0292374900550127e-06,0.0,1.376900874750077e-07,1.1669275775300205e-06,Brazil,BRA,pernambuco,,,Linux-6.8.0-52-generic-x86_64-with-glibc2.35,3.10.12,2.8.1,4,Intel(R) Core(TM) i5-7300HQ CPU @ 2.50GHz,0,,-36.4253,-8.2767,7.641262054443359,machine,N,1.0
2025-06-22T12:39:47,Python_beadsort_gemma2-9b-it.log,fd0c9c3a-54c2-4baf-9954-b919d862c5b4,5b0fa12a-3dd7-45bb-9766-cc326314d9f1,0.0558942170009686,2.9311868021342923e-08,5.244168286825621e-07,16.79368430380297,0,2.86547327041626,2.5577076017552214e-07,0.0,4.2271579489167686e-08,2.980423396646899e-07,Brazil,BRA,pernambuco,,,Linux-6.8.0-52-generic-x86_64-with-glibc2.35,3.10.12,2.8.1,4,Intel(R) Core(TM) i5-7300HQ CPU @ 2.50GHz,0,,-36.4253,-8.2767,7.641262054443359,machine,N,1.0
2025-06-22T12:39:52,Python_beadsort_meta-llama-4-scout-17b-16e-instruct.log,cede5066-f34f-4c5c-ab97-4a5d3dd6ad14,5b0fa12a-3dd7-45bb-9766-cc326314d9f1,0.0554893230000743,2.8133606153628946e-08,5.070093602257723e-07,16.126088537181243,0,2.86547327041626,2.438518617448038e-07,0.0,4.2209940769013854e-08,2.860618025138177e-07,Brazil,BRA,pernambuco,,,Linux-6.8.0-52-generic-x86_64-with-glibc2.35,3.10.12,2.8.1,4,Intel(R) Core(TM) i5-7300HQ CPU @ 2.50GHz,0,,-36.4253,-8.2767,7.641262054443359,machine,N,1.0
2025-06-22T12:39:56,Python_beadsort_deepseek-r1-distill-llama-70b.log,6d4dee57-adfb-4cd1-8d71-bbb928f5c074,5b0fa12a-3dd7-45bb-9766-cc326314d9f1,0.0467528019999008,2.3211111638006952e-08,4.964646105714943e-07,15.747408088713794,0,2.86547327041626,2.007543272661283e-07,0.0,3.5255674340482387e-08,2.360100016066107e-07,Brazil,BRA,pernambuco,,,Linux-6.8.0-52-generic-x86_64-with-glibc2.35,3.10.12,2.8.1,4,Intel(R) Core(TM) i5-7300HQ CPU @ 2.50GHz,0,,-36.4253,-8.2767,7.641262054443359,machine,N,1.0
2025-06-22T12:40:01,Python_beadsort_mistral-saba-24b.log,4a0bd6a4-cea2-4731-a893-ec341a932b64,5b0fa12a-3dd7-45bb-9766-cc326314d9f1,0.1723985469998297,1.1301258460493045e-07,6.555309576074448e-07,21.20671632486773,0,2.86547327041626,1.0127410879703924e-06,0.0,1.3636804088764665e-07,1.149109128858039e-06,Brazil,BRA,pernambuco,,,Linux-6.8.0-52-generic-x86_64-with-glibc2.35,3.10.12,2.8.1,4,Intel(R) Core(TM) i5-7300HQ CPU @ 2.50GHz,0,,-36.4253,-8.2767,7.641262054443359,machine,N,1.0
2025-06-22T12:40:06,Python_beadsort_llama-guard-3-8b.log,10757c84-5348-4613-9640-186c9c2c7ae3,5b0fa12a-3dd7-45bb-9766-cc326314d9f1,0.0479759089994331,2.36370411660408e-08,4.926856344987663e-07,15.83352817825352,0,2.86547327041626,2.0490821948937482e-07,0.0,3.5432622887092466e-08,2.403408423764672e-07,Brazil,BRA,pernambuco,,,Linux-6.8.0-52-generic-x86_64-with-glibc2.35,3.10.12,2.8.1,4,Intel(R) Core(TM) i5-7300HQ CPU @ 2.50GHz,0,,-36.4253,-8.2767,7.641262054443359,machine,N,1.0
2025-06-22T12:40:11,Python_beadsort_llama3-3-70b-versatile.log,fe53f568-58c3-4522-bb54-cf750b26a9e0,5b0fa12a-3dd7-45bb-9766-cc326314d9f1,0.0461243749996356,2.39419884489712e-08,5.190745337830666e-07,16.644275070285108,0,2.86547327041626,2.087060003014285e-07,0.0,3.473553840775919e-08,2.434415387091877e-07,Brazil,BRA,pernambuco,,,Linux-6.8.0-52-generic-x86_64-with-glibc2.35,3.10.12,2.8.1,4,Intel(R) Core(TM) i5-7300HQ CPU @ 2.50GHz,0,,-36.4253,-8.2767,7.641262054443359,machine,N,1.0
2025-06-22T12:40:15,Python_beadsort_llama-3-1-8b-instant.log,5f2ebc12-fb66-4ea4-a2d6-b6a70b756d10,5b0fa12a-3dd7-45bb-9766-cc326314d9f1,0.031364771999506,1.7219780676784983e-08,5.49016606180213e-07,17.73643476596907,0,2.86547327041626,1.5151928788731397e-07,0.0,2.3571010611740257e-08,1.750902984990542e-07,Brazil,BRA,pernambuco,,,Linux-6.8.0-52-generic-x86_64-with-glibc2.35,3.10.12,2.8.1,4,Intel(R) Core(TM) i5-7300HQ CPU @ 2.50GHz,0,,-36.4253,-8.2767,7.641262054443359,machine,N,1.0
2025-06-22T12:40:20,Python_beadsort_qwen-qwq-32b.log,a5685022-b29a-4fd6-a791-7a433dc0b265,5b0fa12a-3dd7-45bb-9766-cc326314d9f1,0.0429961440004262,2.0704256447031948e-08,4.815375175696378e-07,15.25242944498873,0,2.86547327041626,1.777645866618549e-07,0.0,3.2755774169396835e-08,2.1052036083125173e-07,Brazil,BRA,pernambuco,,,Linux-6.8.0-52-generic-x86_64-with-glibc2.35,3.10.12,2.8.1,4,Intel(R) Core(TM) i5-7300HQ CPU @ 2.50GHz,0,,-36.4253,-8.2767,7.641262054443359,machine,N,1.0
2025-06-22T12:40:25,Python_beadsort_meta-llama-llama-4-maverick-17b-128e-instruct.log,d5ca8c10-d71d-49dc-a059-0551f1b1cc38,5b0fa12a-3dd7-45bb-9766-cc326314d9f1,0.1812078139992081,1.1526862344714601e-07,6.361128745124075e-07,20.47205860993138,0,2.86547327041626,1.0285255450381836e-06,0.0,1.4352293024495358e-07,1.1720484752831372e-06,Brazil,BRA,pernambuco,,,Linux-6.8.0-52-generic-x86_64-with-glibc2.35,3.10.12,2.8.1,4,Intel(R) Core(TM) i5-7300HQ CPU @ 2.50GHz,0,,-36.4253,-8.2767,7.641262054443359,machine,N,1.0
2025-06-22T12:40:30,Python_bellman-ford_gemma2.log,ab040ed7-1334-4fd1-ab51-c75170e35f0c,5b0fa12a-3dd7-45bb-9766-cc326314d9f1,0.4617022900001757,2.8555439610330813e-07,6.184816542781268e-07,19.7947624962142,0,2.86547327041626,2.5367353627195333e-06,0.0,3.6677458261039867e-07,2.903509945329932e-06,Brazil,BRA,pernambuco,,,Linux-6.8.0-52-generic-x86_64-with-glibc2.35,3.10.12,2.8.1,4,Intel(R) Core(TM) i5-7300HQ CPU @ 2.50GHz,0,,-36.4253,-8.2767,7.641262054443359,machine,N,1.0
2025-06-22T12:40:35,Python_bellman-ford_deepseek-r1-distill-llama-70b.log,94da0c23-6ef2-4451-8212-b93b4537adf8,5b0fa12a-3dd7-45bb-9766-cc326314d9f1,0.0298041490004834,1.6167102001564593e-08,5.424446777964487e-07,17.554788978651025,0,2.86547327041626,1.421270581503098e-07,0.0,2.2259629952799506e-08,1.643866881031093e-07,Brazil,BRA,pernambuco,,,Linux-6.8.0-52-generic-x86_64-with-glibc2.35,3.10.12,2.8.1,4,Intel(R) Core(TM) i5-7300HQ CPU @ 2.50GHz,0,,-36.4253,-8.2767,7.641262054443359,machine,N,1.0
2025-06-22T12:40:40,Python_bellman-ford_llama3-3-70b.log,b03a08f9-7661-4791-a391-d71f31712f5d,5b0fa12a-3dd7-45bb-9766-cc326314d9f1,0.0878583869998692,5.3679202199117625e-08,6.109741372693025e-07,19.656176447363617,0,2.86547327041626,4.767345480535812e-07,0.0,6.907423503420526e-08,5.458087830877864e-07,Brazil,BRA,pernambuco,,,Linux-6.8.0-52-generic-x86_64-with-glibc2.35,3.10.12,2.8.1,4,Intel(R) Core(TM) i5-7300HQ CPU @ 2.50GHz,0,,-36.4253,-8.2767,7.641262054443359,machine,N,1.0
2025-06-22T12:40:44,Python_bellman-ford_mistral-saba-24b.log,8e939116-58b6-45f6-bfbb-97c4dfc87b28,5b0fa12a-3dd7-45bb-9766-cc326314d9f1,0.2129692469989095,1.3842381675537968e-07,6.499709169563269e-07,21.029496274507668,0,2.86547327041626,1.2395540471971112e-06,0.0,1.6793585351647426e-07,1.407489900713585e-06,Brazil,BRA,pernambuco,,,Linux-6.8.0-52-generic-x86_64-with-glibc2.35,3.10.12,2.8.1,4,Intel(R) Core(TM) i5-7300HQ CPU @ 2.50GHz,0,,-36.4253,-8.2767,7.641262054443359,machine,N,1.0
2025-06-22T12:40:49,Python_bellman-ford_llama-3-1-8b.log,3be8f4aa-bf85-4a0f-9e60-d099bb48e133,5b0fa12a-3dd7-45bb-9766-cc326314d9f1,0.0380322720011463,1.912447557706564e-08,5.028486222566247e-07,15.767742471498002,0,2.86547327041626,1.6501513201705453e-07,0.0,2.9442056508036367e-08,1.944571885250909e-07,Brazil,BRA,pernambuco,,,Linux-6.8.0-52-generic-x86_64-with-glibc2.35,3.10.12,2.8.1,4,Intel(R) Core(TM) i5-7300HQ CPU @ 2.50GHz,0,,-36.4253,-8.2767,7.641262054443359,machine,N,1.0
2025-06-22T12:40:54,Python_bellman-ford_llama-guard-3-8b.log,85ca3cd6-422b-4668-94cb-54da7bae01ab,5b0fa12a-3dd7-45bb-9766-cc326314d9f1,0.0441035969997756,2.139476676776438e-08,4.851025363730135e-07,15.20070464286886,0,2.86547327041626,1.836815358355337e-07,0.0,3.385991663695562e-08,2.1754145247248933e-07,Brazil,BRA,pernambuco,,,Linux-6.8.0-52-generic-x86_64-with-glibc2.35,3.10.12,2.8.1,4,Intel(R) Core(TM) i5-7300HQ CPU @ 2.50GHz,0,,-36.4253,-8.2767,7.641262054443359,machine,N,1.0
2025-06-22T12:40:59,Python_bellman-ford_meta-llama-4-scout-17b-16e-instruc.log,40756c55-4482-452d-9fd3-2c33739800f2,5b0fa12a-3dd7-45bb-9766-cc326314d9f1,0.1772003770001902,1.1340161725243826e-07,6.399626184334616e-07,20.631405112143053,0,2.86547327041626,1.0128258102620746e-06,0.0,1.4023899280904274e-07,1.1530648030711177e-06,Brazil,BRA,pernambuco,,,Linux-6.8.0-52-generic-x86_64-with-glibc2.35,3.10.12,2.8.1,4,Intel(R) Core(TM) i5-7300HQ CPU @ 2.50GHz,0,,-36.4253,-8.2767,7.641262054443359,machine,N,1.0
2025-06-22T12:41:03,Python_bellman-ford_qwen-qwq-32b.log,b94d58ab-6bbc-4cc9-a603-2dea9aa1f128,5b0fa12a-3dd7-45bb-9766-cc326314d9f1,0.0767845629998191,4.475788921262613e-08,5.829021806470597e-07,18.735981013635733,0,2.86547327041626,3.9518476058902907e-07,0.0,5.991233556570849e-08,4.550970961547376e-07,Brazil,BRA,pernambuco,,,Linux-6.8.0-52-generic-x86_64-with-glibc2.35,3.10.12,2.8.1,4,Intel(R) Core(TM) i5-7300HQ CPU @ 2.50GHz,0,,-36.4253,-8.2767,7.641262054443359,machine,N,1.0
2025-06-22T12:41:08,Python_bellman-ford_meta-llama-llama-4-maverick-17b-128e-instruct.log,1ef75e5a-b1f1-4e11-8b4e-24fc60c49387,5b0fa12a-3dd7-45bb-9766-cc326314d9f1,0.3993447289994947,2.8964966902945797e-07,7.253123629680473e-07,23.711663616130604,0,2.86547327041626,2.6280507135559295e-06,0.0,3.1709986428457515e-07,2.945150577840505e-06,Brazil,BRA,pernambuco,,,Linux-6.8.0-52-generic-x86_64-with-glibc2.35,3.10.12,2.8.1,4,Intel(R) Core(TM) i5-7300HQ CPU @ 2.50GHz,0,,-36.4253,-8.2767,7.641262054443359,machine,N,1.0
